trade_date,code,name,source,source_date
2026-06-23,000001,平安银行,csindex,2026-08-29
2026-06-23,000002,万科A,csindex,2026-08-29
2026-06-23,000063,中兴通讯,csindex,2026-08-29
2026-06-23,000100,TCL科技,csindex,2026-08-29
2026-06-23,000157,中联重科,csindex,2026-08-29
2026-06-23,000166,申万宏源,csindex,2026-08-29
2026-06-23,000301,东方盛虹,csindex,2026-08-29
2026-06-23,000333,美的集团,csindex,2026-08-29
2026-06-23,000338,潍柴动力,csindex,2026-08-29
2026-06-23,000408,藏格矿业,csindex,2026-08-29
2026-06-23,000425,徐工机械,csindex,2026-08-29
2026-06-23,000538,云南白药,csindex,2026-08-29
2026-06-23,000568,泸州老窖,csindex,2026-08-29
2026-06-23,000596,古井贡酒,csindex,2026-08-29
2026-06-23,000617,中油资本,csindex,2026-08-29
2026-06-23,000625,长安汽车,csindex,2026-08-29
2026-06-23,000630,铜陵有色,csindex,2026-08-29
2026-06-23,000651,格力电器,csindex,2026-08-29
2026-06-23,000657,中钨高新,csindex,2026-08-29
2026-06-23,000708,中信特钢,csindex,2026-08-29
2026-06-23,000725,京东方A,csindex,2026-08-29
2026-06-23,000768,中航西飞,csindex,2026-08-29
2026-06-23,000776,广发证券,csindex,2026-08-29
2026-06-23,000792,盐湖股份,csindex,2026-08-29
2026-06-23,000807,云铝股份,csindex,2026-08-29
2026-06-23,000858,五 粮 液,csindex,2026-08-29
2026-06-23,000895,双汇发展,csindex,2026-08-29
2026-06-23,000938,紫光股份,csindex,2026-08-29
2026-06-23,000963,华东医药,csindex,2026-08-29
2026-06-23,000975,山金国际,csindex,2026-08-29
2026-06-23,000977,浪潮信息,csindex,2026-08-29
2026-06-23,000988,华工科技,csindex,2026-08-29
2026-06-23,000999,华润三九,csindex,2026-08-29
2026-06-23,001280,中国铀业,csindex,2026-08-29
2026-06-23,001391,国货航,csindex,2026-08-29
2026-06-23,001965,招商公路,csindex,2026-08-29
2026-06-23,001979,招商蛇口,csindex,2026-08-29
2026-06-23,002001,新和成,csindex,2026-08-29
2026-06-23,002027,分众传媒,csindex,2026-08-29
2026-06-23,002028,思源电气,csindex,2026-08-29
2026-06-23,002049,紫光国微,csindex,2026-08-29
2026-06-23,002050,三花智控,csindex,2026-08-29
2026-06-23,002074,国轩高科,csindex,2026-08-29
2026-06-23,002142,宁波银行,csindex,2026-08-29
2026-06-23,002179,中航光电,csindex,2026-08-29
2026-06-23,002202,金风科技,csindex,2026-08-29
2026-06-23,002230,科大讯飞,csindex,2026-08-29
2026-06-23,002236,大华股份,csindex,2026-08-29
2026-06-23,002241,歌尔股份,csindex,2026-08-29
2026-06-23,002304,洋河股份,csindex,2026-08-29
2026-06-23,002311,海大集团,csindex,2026-08-29
2026-06-23,002352,顺丰控股,csindex,2026-08-29
2026-06-23,002353,杰瑞股份,csindex,2026-08-29
2026-06-23,002371,北方华创,csindex,2026-08-29
2026-06-23,002384,东山精密,csindex,2026-08-29
2026-06-23,002415,海康威视,csindex,2026-08-29
2026-06-23,002422,科伦药业,csindex,2026-08-29
2026-06-23,002460,赣锋锂业,csindex,2026-08-29
2026-06-23,002463,沪电股份,csindex,2026-08-29
2026-06-23,002466,天齐锂业,csindex,2026-08-29
2026-06-23,002475,立讯精密,csindex,2026-08-29
2026-06-23,002493,荣盛石化,csindex,2026-08-29
2026-06-23,002532,天山铝业,csindex,2026-08-29
2026-06-23,002558,巨人网络,csindex,2026-08-29
2026-06-23,002594,比亚迪,csindex,2026-08-29
2026-06-23,002600,领益智造,csindex,2026-08-29
2026-06-23,002602,世纪华通,csindex,2026-08-29
2026-06-23,002625,光启技术,csindex,2026-08-29
2026-06-23,002648,卫星化学,csindex,2026-08-29
2026-06-23,002709,天赐材料,csindex,2026-08-29
2026-06-23,002714,牧原股份,csindex,2026-08-29
2026-06-23,002736,国信证券,csindex,2026-08-29
2026-06-23,002837,英维克,csindex,2026-08-29
2026-06-23,002916,深南电路,csindex,2026-08-29
2026-06-23,002920,德赛西威,csindex,2026-08-29
2026-06-23,002938,鹏鼎控股,csindex,2026-08-29
2026-06-23,003816,中国广核,csindex,2026-08-29
2026-06-23,300014,亿纬锂能,csindex,2026-08-29
2026-06-23,300015,爱尔眼科,csindex,2026-08-29
2026-06-23,300033,同花顺,csindex,2026-08-29
2026-06-23,300059,东方财富,csindex,2026-08-29
2026-06-23,300122,智飞生物,csindex,2026-08-29
2026-06-23,300124,汇川技术,csindex,2026-08-29
2026-06-23,300251,光线传媒,csindex,2026-08-29
2026-06-23,300274,阳光电源,csindex,2026-08-29
2026-06-23,300308,中际旭创,csindex,2026-08-29
2026-06-23,300316,晶盛机电,csindex,2026-08-29
2026-06-23,300394,天孚通信,csindex,2026-08-29
2026-06-23,300408,三环集团,csindex,2026-08-29
2026-06-23,300413,芒果超媒,csindex,2026-08-29
2026-06-23,300418,昆仑万维,csindex,2026-08-29
2026-06-23,300433,蓝思科技,csindex,2026-08-29
2026-06-23,300442,润泽科技,csindex,2026-08-29
2026-06-23,300450,先导智能,csindex,2026-08-29
2026-06-23,300476,胜宏科技,csindex,2026-08-29
2026-06-23,300498,温氏股份,csindex,2026-08-29
2026-06-23,300502,新易盛,csindex,2026-08-29
2026-06-23,300628,亿联网络,csindex,2026-08-29
2026-06-23,300661,圣邦股份,csindex,2026-08-29
2026-06-23,300750,宁德时代,csindex,2026-08-29
2026-06-23,300760,迈瑞医疗,csindex,2026-08-29
2026-06-23,300803,指南针,csindex,2026-08-29
2026-06-23,300832,新产业,csindex,2026-08-29
2026-06-23,300866,安克创新,csindex,2026-08-29
2026-06-23,300896,爱美客,csindex,2026-08-29
2026-06-23,300999,金龙鱼,csindex,2026-08-29
2026-06-23,301165,锐捷网络,csindex,2026-08-29
2026-06-23,301236,软通动力,csindex,2026-08-29
2026-06-23,301269,华大九天,csindex,2026-08-29
2026-06-23,301308,江波龙,csindex,2026-08-29
2026-06-23,302132,中航成飞,csindex,2026-08-29
2026-06-23,600000,浦发银行,csindex,2026-08-29
2026-06-23,600009,上海机场,csindex,2026-08-29
2026-06-23,600010,包钢股份,csindex,2026-08-29
2026-06-23,600011,华能国际,csindex,2026-08-29
2026-06-23,600015,华夏银行,csindex,2026-08-29
2026-06-23,600016,民生银行,csindex,2026-08-29
2026-06-23,600018,上港集团,csindex,2026-08-29
2026-06-23,600019,宝钢股份,csindex,2026-08-29
2026-06-23,600023,浙能电力,csindex,2026-08-29
2026-06-23,600025,华能水电,csindex,2026-08-29
2026-06-23,600026,中远海能,csindex,2026-08-29
2026-06-23,600027,华电国际,csindex,2026-08-29
2026-06-23,600028,中国石化,csindex,2026-08-29
2026-06-23,600029,南方航空,csindex,2026-08-29
2026-06-23,600030,中信证券,csindex,2026-08-29
2026-06-23,600031,三一重工,csindex,2026-08-29
2026-06-23,600036,招商银行,csindex,2026-08-29
2026-06-23,600039,四川路桥,csindex,2026-08-29
2026-06-23,600048,保利发展,csindex,2026-08-29
2026-06-23,600050,中国联通,csindex,2026-08-29
2026-06-23,600061,国投资本,csindex,2026-08-29
2026-06-23,600066,宇通客车,csindex,2026-08-29
2026-06-23,600085,同仁堂,csindex,2026-08-29
2026-06-23,600089,特变电工,csindex,2026-08-29
2026-06-23,600104,上汽集团,csindex,2026-08-29
2026-06-23,600111,北方稀土,csindex,2026-08-29
2026-06-23,600115,中国东航,csindex,2026-08-29
2026-06-23,600118,中国卫星,csindex,2026-08-29
2026-06-23,600150,中国船舶,csindex,2026-08-29
2026-06-23,600160,巨化股份,csindex,2026-08-29
2026-06-23,600176,中国巨石,csindex,2026-08-29
2026-06-23,600183,生益科技,csindex,2026-08-29
2026-06-23,600188,兖矿能源,csindex,2026-08-29
2026-06-23,600196,复星医药,csindex,2026-08-29
2026-06-23,600219,南山铝业,csindex,2026-08-29
2026-06-23,600221,海航控股,csindex,2026-08-29
2026-06-23,600233,圆通速递,csindex,2026-08-29
2026-06-23,600276,恒瑞医药,csindex,2026-08-29
2026-06-23,600309,万华化学,csindex,2026-08-29
2026-06-23,600346,恒力石化,csindex,2026-08-29
2026-06-23,600362,江西铜业,csindex,2026-08-29
2026-06-23,600372,中航机载,csindex,2026-08-29
2026-06-23,600406,国电南瑞,csindex,2026-08-29
2026-06-23,600415,小商品城,csindex,2026-08-29
2026-06-23,600426,华鲁恒升,csindex,2026-08-29
2026-06-23,600436,片仔癀,csindex,2026-08-29
2026-06-23,600438,通威股份,csindex,2026-08-29
2026-06-23,600460,士兰微,csindex,2026-08-29
2026-06-23,600482,中国动力,csindex,2026-08-29
2026-06-23,600489,中金黄金,csindex,2026-08-29
2026-06-23,600515,海南机场,csindex,2026-08-29
2026-06-23,600519,贵州茅台,csindex,2026-08-29
2026-06-23,600522,中天科技,csindex,2026-08-29
2026-06-23,600547,山东黄金,csindex,2026-08-29
2026-06-23,600549,厦门钨业,csindex,2026-08-29
2026-06-23,600570,恒生电子,csindex,2026-08-29
2026-06-23,600584,长电科技,csindex,2026-08-29
2026-06-23,600585,海螺水泥,csindex,2026-08-29
2026-06-23,600588,用友网络,csindex,2026-08-29
2026-06-23,600600,青岛啤酒,csindex,2026-08-29
2026-06-23,600660,福耀玻璃,csindex,2026-08-29
2026-06-23,600674,川投能源,csindex,2026-08-29
2026-06-23,600690,海尔智家,csindex,2026-08-29
2026-06-23,600741,华域汽车,csindex,2026-08-29
2026-06-23,600760,中航沈飞,csindex,2026-08-29
2026-06-23,600795,国电电力,csindex,2026-08-29
2026-06-23,600803,新奥股份,csindex,2026-08-29
2026-06-23,600809,山西汾酒,csindex,2026-08-29
2026-06-23,600845,宝信软件,csindex,2026-08-29
2026-06-23,600875,东方电气,csindex,2026-08-29
2026-06-23,600886,国投电力,csindex,2026-08-29
2026-06-23,600887,伊利股份,csindex,2026-08-29
2026-06-23,600893,航发动力,csindex,2026-08-29
2026-06-23,600900,长江电力,csindex,2026-08-29
2026-06-23,600905,三峡能源,csindex,2026-08-29
2026-06-23,600918,中泰证券,csindex,2026-08-29
2026-06-23,600919,江苏银行,csindex,2026-08-29
2026-06-23,600926,杭州银行,csindex,2026-08-29
2026-06-23,600930,华电新能,csindex,2026-08-29
2026-06-23,600938,中国海油,csindex,2026-08-29
2026-06-23,600941,中国移动,csindex,2026-08-29
2026-06-23,600958,东方证券,csindex,2026-08-29
2026-06-23,600989,宝丰能源,csindex,2026-08-29
2026-06-23,600999,招商证券,csindex,2026-08-29
2026-06-23,601006,大秦铁路,csindex,2026-08-29
2026-06-23,601009,南京银行,csindex,2026-08-29
2026-06-23,601012,隆基绿能,csindex,2026-08-29
2026-06-23,601018,宁波港,csindex,2026-08-29
2026-06-23,601021,春秋航空,csindex,2026-08-29
2026-06-23,601058,赛轮轮胎,csindex,2026-08-29
2026-06-23,601059,信达证券,csindex,2026-08-29
2026-06-23,601066,中信建投,csindex,2026-08-29
2026-06-23,601077,渝农商行,csindex,2026-08-29
2026-06-23,601088,中国神华,csindex,2026-08-29
2026-06-23,601100,恒立液压,csindex,2026-08-29
2026-06-23,601111,中国国航,csindex,2026-08-29
2026-06-23,601117,中国化学,csindex,2026-08-29
2026-06-23,601127,赛力斯,csindex,2026-08-29
2026-06-23,601136,首创证券,csindex,2026-08-29
2026-06-23,601138,工业富联,csindex,2026-08-29
2026-06-23,601166,兴业银行,csindex,2026-08-29
2026-06-23,601169,北京银行,csindex,2026-08-29
2026-06-23,601186,中国铁建,csindex,2026-08-29
2026-06-23,601211,国泰海通,csindex,2026-08-29
2026-06-23,601225,陕西煤业,csindex,2026-08-29
2026-06-23,601229,上海银行,csindex,2026-08-29
2026-06-23,601238,广汽集团,csindex,2026-08-29
2026-06-23,601288,农业银行,csindex,2026-08-29
2026-06-23,601318,中国平安,csindex,2026-08-29
2026-06-23,601319,中国人保,csindex,2026-08-29
2026-06-23,601328,交通银行,csindex,2026-08-29
2026-06-23,601336,新华保险,csindex,2026-08-29
2026-06-23,601360,三六零,csindex,2026-08-29
2026-06-23,601377,兴业证券,csindex,2026-08-29
2026-06-23,601390,中国中铁,csindex,2026-08-29
2026-06-23,601398,工商银行,csindex,2026-08-29
2026-06-23,601456,国联民生,csindex,2026-08-29
2026-06-23,601600,中国铝业,csindex,2026-08-29
2026-06-23,601601,中国太保,csindex,2026-08-29
2026-06-23,601607,上海医药,csindex,2026-08-29
2026-06-23,601618,中国中冶,csindex,2026-08-29
2026-06-23,601628,中国人寿,csindex,2026-08-29
2026-06-23,601633,长城汽车,csindex,2026-08-29
2026-06-23,601658,邮储银行,csindex,2026-08-29
2026-06-23,601668,中国建筑,csindex,2026-08-29
2026-06-23,601669,中国电建,csindex,2026-08-29
2026-06-23,601688,华泰证券,csindex,2026-08-29
2026-06-23,601689,拓普集团,csindex,2026-08-29
2026-06-23,601698,中国卫通,csindex,2026-08-29
2026-06-23,601727,上海电气,csindex,2026-08-29
2026-06-23,601728,中国电信,csindex,2026-08-29
2026-06-23,601766,中国中车,csindex,2026-08-29
2026-06-23,601788,光大证券,csindex,2026-08-29
2026-06-23,601800,中国交建,csindex,2026-08-29
2026-06-23,601816,京沪高铁,csindex,2026-08-29
2026-06-23,601818,光大银行,csindex,2026-08-29
2026-06-23,601825,沪农商行,csindex,2026-08-29
2026-06-23,601838,成都银行,csindex,2026-08-29
2026-06-23,601857,中国石油,csindex,2026-08-29
2026-06-23,601868,中国能建,csindex,2026-08-29
2026-06-23,601872,招商轮船,csindex,2026-08-29
2026-06-23,601877,正泰电器,csindex,2026-08-29
2026-06-23,601878,浙商证券,csindex,2026-08-29
2026-06-23,601881,中国银河,csindex,2026-08-29
2026-06-23,601888,中国中免,csindex,2026-08-29
2026-06-23,601898,中煤能源,csindex,2026-08-29
2026-06-23,601899,紫金矿业,csindex,2026-08-29
2026-06-23,601901,方正证券,csindex,2026-08-29
2026-06-23,601916,浙商银行,csindex,2026-08-29
2026-06-23,601919,中远海控,csindex,2026-08-29
2026-06-23,601939,建设银行,csindex,2026-08-29
2026-06-23,601985,中国核电,csindex,2026-08-29
2026-06-23,601988,中国银行,csindex,2026-08-29
2026-06-23,601995,中金公司,csindex,2026-08-29
2026-06-23,601998,中信银行,csindex,2026-08-29
2026-06-23,603019,中科曙光,csindex,2026-08-29
2026-06-23,603259,药明康德,csindex,2026-08-29
2026-06-23,603260,合盛硅业,csindex,2026-08-29
2026-06-23,603288,海天味业,csindex,2026-08-29
2026-06-23,603296,华勤技术,csindex,2026-08-29
2026-06-23,603369,今世缘,csindex,2026-08-29
2026-06-23,603392,万泰生物,csindex,2026-08-29
2026-06-23,603501,豪威集团,csindex,2026-08-29
2026-06-23,603799,华友钴业,csindex,2026-08-29
2026-06-23,603893,瑞芯微,csindex,2026-08-29
2026-06-23,603986,兆易创新,csindex,2026-08-29
2026-06-23,603993,洛阳钼业,csindex,2026-08-29
2026-06-23,605117,德业股份,csindex,2026-08-29
2026-06-23,605499,东鹏饮料,csindex,2026-08-29
2026-06-23,688008,澜起科技,csindex,2026-08-29
2026-06-23,688009,中国通号,csindex,2026-08-29
2026-06-23,688012,中微公司,csindex,2026-08-29
2026-06-23,688036,传音控股,csindex,2026-08-29
2026-06-23,688041,海光信息,csindex,2026-08-29
2026-06-23,688047,龙芯中科,csindex,2026-08-29
2026-06-23,688072,拓荆科技,csindex,2026-08-29
2026-06-23,688082,盛美上海,csindex,2026-08-29
2026-06-23,688111,金山办公,csindex,2026-08-29
2026-06-23,688126,沪硅产业,csindex,2026-08-29
2026-06-23,688183,生益电子,csindex,2026-08-29
2026-06-23,688223,晶科能源,csindex,2026-08-29
2026-06-23,688256,寒武纪,csindex,2026-08-29
2026-06-23,688271,联影医疗,csindex,2026-08-29
2026-06-23,688303,大全能源,csindex,2026-08-29
2026-06-23,688396,华润微,csindex,2026-08-29
2026-06-23,688472,阿特斯,csindex,2026-08-29
2026-06-23,688506,百利天恒,csindex,2026-08-29
2026-06-23,688521,芯原股份,csindex,2026-08-29
2026-06-23,688981,中芯国际,csindex,2026-08-29
2026-08-28,000001,平安银行,akshare,2026-08-29
2026-08-28,000002,万科A,akshare,2026-08-29
2026-08-28,000063,中兴通讯,akshare,2026-08-29
2026-08-28,000100,TCL科技,akshare,2026-08-29
2026-08-28,000157,中联重科,akshare,2026-08-29
2026-08-28,000166,申万宏源,akshare,2026-08-29
2026-08-28,000301,东方盛虹,akshare,2026-08-29
2026-08-28,000333,美的集团,akshare,2026-08-29
2026-08-28,000338,潍柴动力,akshare,2026-08-29
2026-08-28,000408,藏格矿业,akshare,2026-08-29
2026-08-28,000425,徐工机械,akshare,2026-08-29
2026-08-28,000538,云南白药,akshare,2026-08-29
2026-08-28,000568,泸州老窖,akshare,2026-08-29
2026-08-28,000596,古井贡酒,akshare,2026-08-29
2026-08-28,000617,中油资本,akshare,2026-08-29
2026-08-28,000625,长安汽车,akshare,2026-08-29
2026-08-28,000630,铜陵有色,akshare,2026-08-29
2026-08-28,000651,格力电器,akshare,2026-08-29
2026-08-28,000657,中钨高新,akshare,2026-08-29
2026-08-28,000708,中信特钢,akshare,2026-08-29
2026-08-28,000725,京东方A,akshare,2026-08-29
2026-08-28,000768,中航西飞,akshare,2026-08-29
2026-08-28,000776,广发证券,akshare,2026-08-29
2026-08-28,000792,盐湖股份,akshare,2026-08-29
2026-08-28,000807,云铝股份,akshare,2026-08-29
2026-08-28,000858,五 粮 液,akshare,2026-08-29
2026-08-28,000895,双汇发展,akshare,2026-08-29
2026-08-28,000938,紫光股份,akshare,2026-08-29
2026-08-28,000963,华东医药,akshare,2026-08-29
2026-08-28,000975,山金国际,akshare,2026-08-29
2026-08-28,000977,浪潮信息,akshare,2026-08-29
2026-08-28,000988,华工科技,akshare,2026-08-29
2026-08-28,000999,华润三九,akshare,2026-08-29
2026-08-28,001280,中国铀业,akshare,2026-08-29
2026-08-28,001391,国货航,akshare,2026-08-29
2026-08-28,001965,招商公路,akshare,2026-08-29
2026-08-28,001979,招商蛇口,akshare,2026-08-29
2026-08-28,002001,新和成,akshare,2026-08-29
2026-08-28,002027,分众传媒,akshare,2026-08-29
2026-08-28,002028,思源电气,akshare,2026-08-29
2026-08-28,002049,紫光国微,akshare,2026-08-29
2026-08-28,002050,三花智控,akshare,2026-08-29
2026-08-28,002074,国轩高科,akshare,2026-08-29
2026-08-28,002142,宁波银行,akshare,2026-08-29
2026-08-28,002179,中航光电,akshare,2026-08-29
2026-08-28,002202,金风科技,akshare,2026-08-29
2026-08-28,002230,科大讯飞,akshare,2026-08-29
2026-08-28,002236,大华股份,akshare,2026-08-29
2026-08-28,002241,歌尔股份,akshare,2026-08-29
2026-08-28,002304,洋河股份,akshare,2026-08-29
2026-08-28,002311,海大集团,akshare,2026-08-29
2026-08-28,002352,顺丰控股,akshare,2026-08-29
2026-08-28,002353,杰瑞股份,akshare,2026-08-29
2026-08-28,002371,北方华创,akshare,2026-08-29
2026-08-28,002384,东山精密,akshare,2026-08-29
2026-08-28,002415,海康威视,akshare,2026-08-29
2026-08-28,002422,科伦药业,akshare,2026-08-29
2026-08-28,002460,赣锋锂业,akshare,2026-08-29
2026-08-28,002463,沪电股份,akshare,2026-08-29
2026-08-28,002466,天齐锂业,akshare,2026-08-29
2026-08-28,002475,立讯精密,akshare,2026-08-29
2026-08-28,002493,荣盛石化,akshare,2026-08-29
2026-08-28,002532,天山铝业,akshare,2026-08-29
2026-08-28,002558,巨人网络,akshare,2026-08-29
2026-08-28,002594,比亚迪,akshare,2026-08-29
2026-08-28,002600,领益智造,akshare,2026-08-29
2026-08-28,002602,世纪华通,akshare,2026-08-29
2026-08-28,002625,光启技术,akshare,2026-08-29
2026-08-28,002648,卫星化学,akshare,2026-08-29
2026-08-28,002709,天赐材料,akshare,2026-08-29
2026-08-28,002714,牧原股份,akshare,2026-08-29
2026-08-28,002736,国信证券,akshare,2026-08-29
2026-08-28,002837,英维克,akshare,2026-08-29
2026-08-28,002916,深南电路,akshare,2026-08-29
2026-08-28,002920,德赛西威,akshare,2026-08-29
2026-08-28,002938,鹏鼎控股,akshare,2026-08-29
2026-08-28,003816,中国广核,akshare,2026-08-29
2026-08-28,300014,亿纬锂能,akshare,2026-08-29
2026-08-28,300015,爱尔眼科,akshare,2026-08-29
2026-08-28,300033,同花顺,akshare,2026-08-29
2026-08-28,300059,东方财富,akshare,2026-08-29
2026-08-28,300122,智飞生物,akshare,2026-08-29
2026-08-28,300124,汇川技术,akshare,2026-08-29
2026-08-28,300251,光线传媒,akshare,2026-08-29
2026-08-28,300274,阳光电源,akshare,2026-08-29
2026-08-28,300308,中际旭创,akshare,2026-08-29
2026-08-28,300316,晶盛机电,akshare,2026-08-29
2026-08-28,300394,天孚通信,akshare,2026-08-29
2026-08-28,300408,三环集团,akshare,2026-08-29
2026-08-28,300413,芒果超媒,akshare,2026-08-29
2026-08-28,300418,昆仑万维,akshare,2026-08-29
2026-08-28,300433,蓝思科技,akshare,2026-08-29
2026-08-28,300442,润泽科技,akshare,2026-08-29
2026-08-28,300450,先导智能,akshare,2026-08-29
2026-08-28,300476,胜宏科技,akshare,2026-08-29
2026-08-28,300498,温氏股份,akshare,2026-08-29
2026-08-28,300502,新易盛,akshare,2026-08-29
2026-08-28,300628,亿联网络,akshare,2026-08-29
2026-08-28,300661,圣邦股份,akshare,2026-08-29
2026-08-28,300750,宁德时代,akshare,2026-08-29
2026-08-28,300760,迈瑞医疗,akshare,2026-08-29
2026-08-28,300803,指南针,akshare,2026-08-29
2026-08-28,300832,新产业,akshare,2026-08-29
2026-08-28,300866,安克创新,akshare,2026-08-29
2026-08-28,300896,爱美客,akshare,2026-08-29
2026-08-28,300999,金龙鱼,akshare,2026-08-29
2026-08-28,301165,锐捷网络,akshare,2026-08-29
2026-08-28,301236,软通动力,akshare,2026-08-29
2026-08-28,301269,华大九天,akshare,2026-08-29
2026-08-28,301308,江波龙,akshare,2026-08-29
2026-08-28,302132,中航成飞,akshare,2026-08-29
2026-08-28,600000,浦发银行,akshare,2026-08-29
2026-08-28,600009,上海机场,akshare,2026-08-29
2026-08-28,600010,包钢股份,akshare,2026-08-29
2026-08-28,600011,华能国际,akshare,2026-08-29
2026-08-28,600015,华夏银行,akshare,2026-08-29
2026-08-28,600016,民生银行,akshare,2026-08-29
2026-08-28,600018,上港集团,akshare,2026-08-29
2026-08-28,600019,宝钢股份,akshare,2026-08-29
2026-08-28,600023,浙能电力,akshare,2026-08-29
2026-08-28,600025,华能水电,akshare,2026-08-29
2026-08-28,600026,中远海能,akshare,2026-08-29
2026-08-28,600027,华电国际,akshare,2026-08-29
2026-08-28,600028,中国石化,akshare,2026-08-29
2026-08-28,600029,南方航空,akshare,2026-08-29
2026-08-28,600030,中信证券,akshare,2026-08-29
2026-08-28,600031,三一重工,akshare,2026-08-29
2026-08-28,600036,招商银行,akshare,2026-08-29
2026-08-28,600039,四川路桥,akshare,2026-08-29
2026-08-28,600048,保利发展,akshare,2026-08-29
2026-08-28,600050,中国联通,akshare,2026-08-29
2026-08-28,600061,国投资本,akshare,2026-08-29
2026-08-28,600066,宇通客车,akshare,2026-08-29
2026-08-28,600085,同仁堂,akshare,2026-08-29
2026-08-28,600089,特变电工,akshare,2026-08-29
2026-08-28,600104,上汽集团,akshare,2026-08-29
2026-08-28,600111,北方稀土,akshare,2026-08-29
2026-08-28,600115,中国东航,akshare,2026-08-29
2026-08-28,600118,中国卫星,akshare,2026-08-29
2026-08-28,600150,中国船舶,akshare,2026-08-29
2026-08-28,600160,巨化股份,akshare,2026-08-29
2026-08-28,600176,中国巨石,akshare,2026-08-29
2026-08-28,600183,生益科技,akshare,2026-08-29
2026-08-28,600188,兖矿能源,akshare,2026-08-29
2026-08-28,600196,复星医药,akshare,2026-08-29
2026-08-28,600219,南山铝业,akshare,2026-08-29
2026-08-28,600221,海航控股,akshare,2026-08-29
2026-08-28,600233,圆通速递,akshare,2026-08-29
2026-08-28,600276,恒瑞医药,akshare,2026-08-29
2026-08-28,600309,万华化学,akshare,2026-08-29
2026-08-28,600346,恒力石化,akshare,2026-08-29
2026-08-28,600362,江西铜业,akshare,2026-08-29
2026-08-28,600372,中航机载,akshare,2026-08-29
2026-08-28,600406,国电南瑞,akshare,2026-08-29
2026-08-28,600415,小商品城,akshare,2026-08-29
2026-08-28,600426,华鲁恒升,akshare,2026-08-29
2026-08-28,600436,片仔癀,akshare,2026-08-29
2026-08-28,600438,通威股份,akshare,2026-08-29
2026-08-28,600460,士兰微,akshare,2026-08-29
2026-08-28,600482,中国动力,akshare,2026-08-29
2026-08-28,600489,中金黄金,akshare,2026-08-29
2026-08-28,600515,海南机场,akshare,2026-08-29
2026-08-28,600519,贵州茅台,akshare,2026-08-29
2026-08-28,600522,中天科技,akshare,2026-08-29
2026-08-28,600547,山东黄金,akshare,2026-08-29
2026-08-28,600549,厦门钨业,akshare,2026-08-29
2026-08-28,600570,恒生电子,akshare,2026-08-29
2026-08-28,600584,长电科技,akshare,2026-08-29
2026-08-28,600585,海螺水泥,akshare,2026-08-29
2026-08-28,600588,用友网络,akshare,2026-08-29
2026-08-28,600600,青岛啤酒,akshare,2026-08-29
2026-08-28,600660,福耀玻璃,akshare,2026-08-29
2026-08-28,600674,川投能源,akshare,2026-08-29
2026-08-28,600690,海尔智家,akshare,2026-08-29
2026-08-28,600741,华域汽车,akshare,2026-08-29
2026-08-28,600760,中航沈飞,akshare,2026-08-29
2026-08-28,600795,国电电力,akshare,2026-08-29
2026-08-28,600803,新奥股份,akshare,2026-08-29
2026-08-28,600809,山西汾酒,akshare,2026-08-29
2026-08-28,600845,宝信软件,akshare,2026-08-29
2026-08-28,600875,东方电气,akshare,2026-08-29
2026-08-28,600886,国投电力,akshare,2026-08-29
2026-08-28,600887,伊利股份,akshare,2026-08-29
2026-08-28,600893,航发动力,akshare,2026-08-29
2026-08-28,600900,长江电力,akshare,2026-08-29
2026-08-28,600905,三峡能源,akshare,2026-08-29
2026-08-28,600918,中泰证券,akshare,2026-08-29
2026-08-28,600919,江苏银行,akshare,2026-08-29
2026-08-28,600926,杭州银行,akshare,2026-08-29
2026-08-28,600930,华电新能,akshare,2026-08-29
2026-08-28,600938,中国海油,akshare,2026-08-29
2026-08-28,600941,中国移动,akshare,2026-08-29
2026-08-28,600958,东方证券,akshare,2026-08-29
2026-08-28,600989,宝丰能源,akshare,2026-08-29
2026-08-28,600999,招商证券,akshare,2026-08-29
2026-08-28,601006,大秦铁路,akshare,2026-08-29
2026-08-28,601009,南京银行,akshare,2026-08-29
2026-08-28,601012,隆基绿能,akshare,2026-08-29
2026-08-28,601018,宁波港,akshare,2026-08-29
2026-08-28,601021,春秋航空,akshare,2026-08-29
2026-08-28,601058,赛轮轮胎,akshare,2026-08-29
2026-08-28,601059,信达证券,akshare,2026-08-29
2026-08-28,601066,中信建投,akshare,2026-08-29
2026-08-28,601077,渝农商行,akshare,2026-08-29
2026-08-28,601088,中国神华,akshare,2026-08-29
2026-08-28,601100,恒立液压,akshare,2026-08-29
2026-08-28,601111,中国国航,akshare,2026-08-29
2026-08-28,601117,中国化学,akshare,2026-08-29
2026-08-28,601127,赛力斯,akshare,2026-08-29
2026-08-28,601136,首创证券,akshare,2026-08-29
2026-08-28,601138,工业富联,akshare,2026-08-29
2026-08-28,601166,兴业银行,akshare,2026-08-29
2026-08-28,601169,北京银行,akshare,2026-08-29
2026-08-28,601186,中国铁建,akshare,2026-08-29
2026-08-28,601211,国泰海通,akshare,2026-08-29
2026-08-28,601225,陕西煤业,akshare,2026-08-29
2026-08-28,601229,上海银行,akshare,2026-08-29
2026-08-28,601238,广汽集团,akshare,2026-08-29
2026-08-28,601288,农业银行,akshare,2026-08-29
2026-08-28,601318,中国平安,akshare,2026-08-29
2026-08-28,601319,中国人保,akshare,2026-08-29
2026-08-28,601328,交通银行,akshare,2026-08-29
2026-08-28,601336,新华保险,akshare,2026-08-29
2026-08-28,601360,三六零,akshare,2026-08-29
2026-08-28,601377,兴业证券,akshare,2026-08-29
2026-08-28,601390,中国中铁,akshare,2026-08-29
2026-08-28,601398,工商银行,akshare,2026-08-29
2026-08-28,601456,国联民生,akshare,2026-08-29
2026-08-28,601600,中国铝业,akshare,2026-08-29
2026-08-28,601601,中国太保,akshare,2026-08-29
2026-08-28,601607,上海医药,akshare,2026-08-29
2026-08-28,601618,中国中冶,akshare,2026-08-29
2026-08-28,601628,中国人寿,akshare,2026-08-29
2026-08-28,601633,长城汽车,akshare,2026-08-29
2026-08-28,601658,邮储银行,akshare,2026-08-29
2026-08-28,601668,中国建筑,akshare,2026-08-29
2026-08-28,601669,中国电建,akshare,2026-08-29
2026-08-28,601688,华泰证券,akshare,2026-08-29
2026-08-28,601689,拓普集团,akshare,2026-08-29
2026-08-28,601698,中国卫通,akshare,2026-08-29
2026-08-28,601727,上海电气,akshare,2026-08-29
2026-08-28,601728,中国电信,akshare,2026-08-29
2026-08-28,601766,中国中车,akshare,2026-08-29
2026-08-28,601788,光大证券,akshare,2026-08-29
2026-08-28,601800,中国交建,akshare,2026-08-29
2026-08-28,601816,京沪高铁,akshare,2026-08-29
2026-08-28,601818,光大银行,akshare,2026-08-29
2026-08-28,601825,沪农商行,akshare,2026-08-29
2026-08-28,601838,成都银行,akshare,2026-08-29
2026-08-28,601857,中国石油,akshare,2026-08-29
2026-08-28,601868,中国能建,akshare,2026-08-29
2026-08-28,601872,招商轮船,akshare,2026-08-29
2026-08-28,601877,正泰电器,akshare,2026-08-29
2026-08-28,601878,浙商证券,akshare,2026-08-29
2026-08-28,601881,中国银河,akshare,2026-08-29
2026-08-28,601888,中国中免,akshare,2026-08-29
2026-08-28,601898,中煤能源,akshare,2026-08-29
2026-08-28,601899,紫金矿业,akshare,2026-08-29
2026-08-28,601901,方正证券,akshare,2026-08-29
2026-08-28,601916,浙商银行,akshare,2026-08-29
2026-08-28,601919,中远海控,akshare,2026-08-29
2026-08-28,601939,建设银行,akshare,2026-08-29
2026-08-28,601985,中国核电,akshare,2026-08-29
2026-08-28,601988,中国银行,akshare,2026-08-29
2026-08-28,601995,中金公司,akshare,2026-08-29
2026-08-28,601998,中信银行,akshare,2026-08-29
2026-08-28,603019,中科曙光,akshare,2026-08-29
2026-08-28,603259,药明康德,akshare,2026-08-29
2026-08-28,603260,合盛硅业,akshare,2026-08-29
2026-08-28,603288,海天味业,akshare,2026-08-29
2026-08-28,603296,华勤技术,akshare,2026-08-29
2026-08-28,603369,今世缘,akshare,2026-08-29
2026-08-28,603392,万泰生物,akshare,2026-08-29
2026-08-28,603501,豪威集团,akshare,2026-08-29
2026-08-28,603799,华友钴业,akshare,2026-08-29
2026-08-28,603893,瑞芯微,akshare,2026-08-29
2026-08-28,603986,兆易创新,akshare,2026-08-29
2026-08-28,603993,洛阳钼业,akshare,2026-08-29
2026-08-28,605117,德业股份,akshare,2026-08-29
2026-08-28,605499,东鹏饮料,akshare,2026-08-29
2026-08-28,688008,澜起科技,akshare,2026-08-29
2026-08-28,688009,中国通号,akshare,2026-08-29
2026-08-28,688012,中微公司,akshare,2026-08-29
2026-08-28,688036,传音控股,akshare,2026-08-29
2026-08-28,688041,海光信息,akshare,2026-08-29
2026-08-28,688047,龙芯中科,akshare,2026-08-29
2026-08-28,688072,拓荆科技,akshare,2026-08-29
2026-08-28,688082,盛美上海,akshare,2026-08-29
2026-08-28,688111,金山办公,akshare,2026-08-29
2026-08-28,688126,沪硅产业,akshare,2026-08-29
2026-08-28,688183,生益电子,akshare,2026-08-29
2026-08-28,688223,晶科能源,akshare,2026-08-29
2026-08-28,688256,寒武纪,akshare,2026-08-29
2026-08-28,688271,联影医疗,akshare,2026-08-29
2026-08-28,688303,大全能源,akshare,2026-08-29
2026-08-28,688396,华润微,akshare,2026-08-29
2026-08-28,688472,阿特斯,akshare,2026-08-29
2026-08-28,688506,百利天恒,akshare,2026-08-29
2026-08-28,688521,芯原股份,akshare,2026-08-29
2026-08-28,688981,中芯国际,akshare,2026-08-29
